ID	Name
1	John Doe
2	Jane Smith
3	Mike Brown
4	Emily Taylor
5	Sarah Connor
6	Peter Parker
7	David Johnson
8	Lisa White
9	Chris Evans
10	Michelle Lee
11	Brian Williams
12	Laura Wilson
13	James Taylor
14	Linda Martinez
15	Charles Brown
16	Jessica Davis
17	Daniel Garcia
18	Karen Robinson
19	Paul Martinez
20	Patricia Thompson
21	Mark Anderson
22	Nancy Thomas
23	Edward Harris
24	Barbara Clark
25	Steven Lewis
26	Amy Walker
27	George Hall
28	Rachel Young
29	Jessica Allen
30	Timothy King
31	Margaret Wright
32	Anthony Scott
33	Betty Adams
34	Gary Turner
35	Laura Robinson
36	Frank Lee
37	Dorothy White
38	Joshua Harris
39	Helen King
40	Nancy Wright
41	Raymond Nelson
42	Doris Scott
43	Andrew Turner
44	Carolyn Martinez
45	Roger Anderson
46	Karen Lee
47	Steven Davis
48	Ruth Taylor
49	Chris Johnson
50	Amanda Brown
